Workbook

Sheet AHORROS
A1: ID | B1: GRUPO | C1: # | D1: FECHA DEPOSITO | E1: DEPOSITO | F1: PAGO | G1: AHORRO | H1: AHORRO ACUMULADO | I1: % AHORRO
A2: 000001 | B2: BRILLANTES | C2: 1 | D2: 45880 | E2: 10863 | F2: 10336.09 | G2: =E2-F2 -> 526.91 | H2: =G2 -> 526.91 | I2: =G2/F2 -> 0.050977691
A3: 000001 | B3: BRILLANTES | C3: 2 | D3: 45887 | E3: 10863 | F3: 10336.09 | G3: =E3-F3 -> 526.91 | H3: =H2+G3 -> 1053.82 | I3: =G3/F3 -> 0.050977691
A4: 000001 | B4: BRILLANTES | C4: 3 | D4: 45894 | E4: 10863 | F4: 10336.09 | G4: =E4-F4 -> 526.91 | H4: =H3+G4 -> 1580.73 | I4: =G4/F4 -> 0.050977691
A5: 000001 | B5: BRILLANTES | C5: 4 | D5: 45901 | E5: 10863 | F5: 10336.09 | G5: =E5-F5 -> 526.91 | H5: =H4+G5 -> 2107.64 | I5: =G5/F5 -> 0.050977691
A6: 000001 | B6: BRILLANTES | C6: 5 | D6: 45908 | E6: 10863 | F6: 10336.09 | G6: =E6-F6 -> 526.91 | H6: =H5+G6 -> 2634.55 | I6: =G6/F6 -> 0.050977691
A7: 000001 | B7: BRILLANTES | C7: 6 | D7: 45914 | E7: 10863 | F7: 10336.09 | G7: =E7-F7 -> 526.91 | H7: =H6+G7 -> 3161.46 | I7: =G7/F7 -> 0.050977691
A8: 000001 | B8: BRILLANTES | C8: 7 | D8: 45924 | E8: 11244 | F8: 10336.09 | G8: =E8-F8 -> 907.91 | H8: =H7+G8 -> 4069.37 | I8: =G8/F8 -> 0.087838825
A9: 000001 | B9: BRILLANTES | C9: 8 | G9: =E9-F9 -> 0 | H9: =H8+G9 -> 4069.37
A10: 000001 | B10: BRILLANTES | C10: 9 | G10: =E10-F10 -> 0 | H10: =H9+G10 -> 4069.37
A11: 000001 | B11: BRILLANTES | C11: 10 | G11: =E11-F11 -> 0 | H11: =H10+G11 -> 4069.37
A12: 000001 | B12: BRILLANTES | C12: 11 | G12: =E12-F12 -> 0 | H12: =H11+G12 -> 4069.37
A13: 000001 | B13: BRILLANTES | C13: 12 | G13: =E13-F13 -> 0 | H13: =H12+G13 -> 4069.37
A14: 000001 | B14: BRILLANTES | C14: 13 | G14: =E14-F14 -> 0 | H14: =H13+G14 -> 4069.37
A15: 000001 | B15: BRILLANTES | C15: 14 | G15: =E15-F15 -> 0 | H15: =H14+G15 -> 4069.37
A16: 000001 | B16: BRILLANTES | C16: 15 | G16: =E16-F16 -> 0 | H16: =H15+G16 -> 4069.37
A17: 000001 | B17: BRILLANTES | C17: 16 | G17: =E17-F17 -> 0 | H17: =H16+G17 -> 4069.37
A18: 000002 | B18: MOTIVADORAS | C18: 1 | D18: 45881 | E18: 15730 | F18: 14288.13 | G18: =E18-F18 -> 1441.87 | H18: =G18 -> 1441.87 | I18: =G18/F18 -> 0.10091384
A19: 000002 | B19: MOTIVADORAS | C19: 2 | D19: 45888 | E19: 15730 | F19: 14288.13 | G19: =E19-F19 -> 1441.87 | H19: =H18+G19 -> 2883.74 | I19: =G19/F19 -> 0.10091384
A20: 000002 | B20: MOTIVADORAS | C20: 3 | D20: 45895 | E20: 15730 | F20: 14288.13 | G20: =E20-F20 -> 1441.87 | H20: =H19+G20 -> 4325.61 | I20: =G20/F20 -> 0.10091384
A21: 000002 | B21: MOTIVADORAS | C21: 4 | D21: 45902 | E21: 15729 | F21: 14288.13 | G21: =E21-F21 -> 1440.87 | H21: =H20+G21 -> 5766.48 | I21: =G21/F21 -> 0.10084385
A22: 000002 | B22: MOTIVADORAS | C22: 5 | D22: 45909 | E22: 15729 | F22: 14288.13 | G22: =E22-F22 -> 1440.87 | H22: =H21+G22 -> 7207.35 | I22: =G22/F22 -> 0.10084385
A23: 000002 | B23: MOTIVADORAS | C23: 6 | D23: 45915 | E23: 15730 | F23: 14288.13 | G23: =E23-F23 -> 1441.87 | H23: =H22+G23 -> 8649.22 | I23: =G23/F23 -> 0.10091384
A24: 000002 | B24: MOTIVADORAS | C24: 7 | D24: 45923 | E24: 15730 | F24: 14288.13 | G24: =E24-F24 -> 1441.87 | H24: =H23+G24 -> 10091.09 | I24: =G24/F24 -> 0.10091384
A25: 000002 | B25: MOTIVADORAS | C25: 8 | G25: =E25-F25 -> 0 | H25: =H24+G25 -> 10091.09
A26: 000002 | B26: MOTIVADORAS | C26: 9 | G26: =E26-F26 -> 0 | H26: =H25+G26 -> 10091.09
A27: 000002 | B27: MOTIVADORAS | C27: 10 | G27: =E27-F27 -> 0 | H27: =H26+G27 -> 10091.09
A28: 000002 | B28: MOTIVADORAS | C28: 11 | G28: =E28-F28 -> 0 | H28: =H27+G28 -> 10091.09
A29: 000002 | B29: MOTIVADORAS | C29: 12 | G29: =E29-F29 -> 0 | H29: =H28+G29 -> 10091.09
A30: 000002 | B30: MOTIVADORAS | C30: 13 | G30: =E30-F30 -> 0 | H30: =H29+G30 -> 10091.09
A31: 000002 | B31: MOTIVADORAS | C31: 14 | G31: =E31-F31 -> 0 | H31: =H30+G31 -> 10091.09
A32: 000002 | B32: MOTIVADORAS | C32: 15 | G32: =E32-F32 -> 0 | H32: =H31+G32 -> 10091.09
A33: 000002 | B33: MOTIVADORAS | C33: 16 | G33: =E33-F33 -> 0 | H33: =H32+G33 -> 10091.09
A34: 000003 | B34: ACEITUNAS DE COCKTAIL | C34: 1 | D34: 45884 | E34: 12020 | F34: 11400.1 | G34: =E34-F34 -> 619.9 | H34: =G34 -> 619.9 | I34: =G34/F34 -> 0.054376716
A35: 000003 | B35: ACEITUNAS DE COCKTAIL | C35: 2 | D35: 45891 | E35: 12020 | F35: 11400.1 | G35: =E35-F35 -> 619.9 | H35: =H34+G35 -> 1239.8 | I35: =G35/F35 -> 0.054376716
A36: 000003 | B36: ACEITUNAS DE COCKTAIL | C36: 3 | D36: 45898 | E36: 12000 | F36: 11401 | G36: =E36-F36 -> 599 | H36: =H35+G36 -> 1838.8 | I36: =G36/F36 -> 0.052539251
A37: 000003 | B37: ACEITUNAS DE COCKTAIL | C37: 4 | D37: 45905 | E37: 11940 | F37: 11400 | G37: =E37-F37 -> 540 | H37: =H36+G37 -> 2378.8 | I37: =G37/F37 -> 0.047368421
A38: 000003 | B38: ACEITUNAS DE COCKTAIL | C38: 5 | D38: 45912 | E38: 11860 | F38: 11400 | G38: =E38-F38 -> 460 | H38: =H37+G38 -> 2838.8 | I38: =G38/F38 -> 0.040350877
A39: 000003 | B39: ACEITUNAS DE COCKTAIL | C39: 6 | D39: 45919 | E39: 11860 | F39: 11400 | G39: =E39-F39 -> 460 | H39: =H38+G39 -> 3298.8 | I39: =G39/F39 -> 0.040350877
A40: 000003 | B40: ACEITUNAS DE COCKTAIL | C40: 7 | D40: 45926 | E40: 11970 | F40: 11400 | G40: =E40-F40 -> 570 | H40: =H39+G40 -> 3868.8 | I40: =G40/F40 -> 0.05
A41: 000003 | B41: ACEITUNAS DE COCKTAIL | C41: 8 | G41: =E41-F41 -> 0 | H41: =H40+G41 -> 3868.8
A42: 000003 | B42: ACEITUNAS DE COCKTAIL | C42: 9 | G42: =E42-F42 -> 0 | H42: =H41+G42 -> 3868.8
A43: 000003 | B43: ACEITUNAS DE COCKTAIL | C43: 10 | G43: =E43-F43 -> 0 | H43: =H42+G43 -> 3868.8
A44: 000003 | B44: ACEITUNAS DE COCKTAIL | C44: 11 | G44: =E44-F44 -> 0 | H44: =H43+G44 -> 3868.8
A45: 000003 | B45: ACEITUNAS DE COCKTAIL | C45: 12 | G45: =E45-F45 -> 0 | H45: =H44+G45 -> 3868.8
A46: 000003 | B46: ACEITUNAS DE COCKTAIL | C46: 13 | G46: =E46-F46 -> 0 | H46: =H45+G46 -> 3868.8
A47: 000003 | B47: ACEITUNAS DE COCKTAIL | C47: 14 | G47: =E47-F47 -> 0 | H47: =H46+G47 -> 3868.8
A48: 000003 | B48: ACEITUNAS DE COCKTAIL | C48: 15 | G48: =E48-F48 -> 0 | H48: =H47+G48 -> 3868.8
A49: 000003 | B49: ACEITUNAS DE COCKTAIL | C49: 16 | G49: =E49-F49 -> 0 | H49: =H48+G49 -> 3868.8
A50: 000004 | B50: ORQUIDEAS | C50: 1 | D50: 45880 | E50: 12542 | F50: 11172.1 | G50: =E50-F50 -> 1369.9 | H50: =G50 -> 1369.9 | I50: =G50/F50 -> 0.12261795
A51: 000004 | B51: ORQUIDEAS | C51: 2 | D51: 45887 | E51: 12542 | F51: 11172.1 | G51: =E51-F51 -> 1369.9 | H51: =H50+G51 -> 2739.8 | I51: =G51/F51 -> 0.12261795
A52: 000004 | B52: ORQUIDEAS | C52: 3 | D52: 45894 | E52: 12540.5 | F52: 11172.1 | G52: =E52-F52 -> 1368.4 | H52: =H51+G52 -> 4108.2 | I52: =G52/F52 -> 0.12248369
A53: 000004 | B53: ORQUIDEAS | C53: 4 | D53: 45901 | E53: 12540.3 | F53: 11173 | G53: =E53-F53 -> 1367.3 | H53: =H52+G53 -> 5475.5 | I53: =G53/F53 -> 0.12237537
A54: 000004 | B54: ORQUIDEAS | C54: 5 | D54: 45908 | E54: 12540.12 | F54: 11172 | G54: =E54-F54 -> 1368.12 | H54: =H53+G54 -> 6843.62 | I54: =G54/F54 -> 0.12245972
A55: 000004 | B55: ORQUIDEAS | C55: 6 | D55: 45918 | E55: 11172.12 | F55: 11172.12 | G55: =E55-F55 -> 0 | H55: =H54+G55 -> 6843.62 | I55: =G55/F55 -> 0
A56: 000004 | B56: ORQUIDEAS | C56: 7 | D56: 45927 | E56: 5586 | F56: 5586 | G56: =E56-F56 -> 0 | H56: =H55+G56 -> 6843.62 | I56: =G56/F56 -> 0
A57: 000004 | B57: ORQUIDEAS | C57: 8 | G57: =E57-F57 -> 0 | H57: =H56+G57 -> 6843.62 | I57: =G57/F57 -> #DIV/0!
A58: 000004 | B58: ORQUIDEAS | C58: 9 | G58: =E58-F58 -> 0 | H58: =H57+G58 -> 6843.62 | I58: =G58/F58 -> #DIV/0!
A59: 000004 | B59: ORQUIDEAS | C59: 10 | G59: =E59-F59 -> 0 | H59: =H58+G59 -> 6843.62
A60: 000004 | B60: ORQUIDEAS | C60: 11 | G60: =E60-F60 -> 0 | H60: =H59+G60 -> 6843.62
A61: 000004 | B61: ORQUIDEAS | C61: 12 | G61: =E61-F61 -> 0 | H61: =H60+G61 -> 6843.62
A62: 000004 | B62: ORQUIDEAS | C62: 13 | G62: =E62-F62 -> 0 | H62: =H61+G62 -> 6843.62
A63: 000004 | B63: ORQUIDEAS | C63: 14 | G63: =E63-F63 -> 0 | H63: =H62+G63 -> 6843.62
A64: 000004 | B64: ORQUIDEAS | C64: 15 | G64: =E64-F64 -> 0 | H64: =H63+G64 -> 6843.62
A65: 000004 | B65: ORQUIDEAS | C65: 16 | G65: =E65-F65 -> 0 | H65: =H64+G65 -> 6843.62
A66: 000005 | B66: TUTTY FRATELLY | C66: 1 | D66: 45887 | E66: 12890 | F66: 11704.1 | G66: =E66-F66 -> 1185.9 | H66: =G66 -> 1185.9 | I66: =G66/F66 -> 0.10132347
A67: 000005 | B67: TUTTY FRATELLY | C67: 2 | D67: 45894 | E67: 12890 | F67: 11704.1 | G67: =E67-F67 -> 1185.9 | H67: =H66+G67 -> 2371.8 | I67: =G67/F67 -> 0.10132347
A68: 000005 | B68: TUTTY FRATELLY | C68: 3 | D68: 45901 | E68: 12890 | F68: 11740 | G68: =E68-F68 -> 1150 | H68: =H67+G68 -> 3521.8 | I68: =G68/F68 -> 0.097955707
A69: 000005 | B69: TUTTY FRATELLY | C69: 4 | D69: 45908 | E69: 12890 | F69: 11704 | G69: =E69-F69 -> 1186 | H69: =H68+G69 -> 4707.8 | I69: =G69/F69 -> 0.10133288
A70: 000005 | B70: TUTTY FRATELLY | C70: 5 | D70: 45915 | E70: 12890 | F70: 11704 | G70: =E70-F70 -> 1186 | H70: =H69+G70 -> 5893.8 | I70: =G70/F70 -> 0.10133288
A71: 000005 | B71: TUTTY FRATELLY | C71: 6 | D71: 45922 | E71: 12880 | F71: 11704 | G71: =E71-F71 -> 1176 | H71: =H70+G71 -> 7069.8 | I71: =G71/F71 -> 0.10047847
A72: 000005 | B72: TUTTY FRATELLY | C72: 7 | D72: 45929 | E72: 12890 | F72: 11704 | G72: =E72-F72 -> 1186 | H72: =H71+G72 -> 8255.8 | I72: =G72/F72 -> 0.10133288
A73: 000005 | B73: TUTTY FRATELLY | C73: 8 | G73: =E73-F73 -> 0 | H73: =H72+G73 -> 8255.8
A74: 000005 | B74: TUTTY FRATELLY | C74: 9 | G74: =E74-F74 -> 0 | H74: =H73+G74 -> 8255.8
A75: 000005 | B75: TUTTY FRATELLY | C75: 10 | G75: =E75-F75 -> 0 | H75: =H74+G75 -> 8255.8
A76: 000005 | B76: TUTTY FRATELLY | C76: 11 | G76: =E76-F76 -> 0 | H76: =H75+G76 -> 8255.8
A77: 000005 | B77: TUTTY FRATELLY | C77: 12 | G77: =E77-F77 -> 0 | H77: =H76+G77 -> 8255.8
A78: 000005 | B78: TUTTY FRATELLY | C78: 13 | G78: =E78-F78 -> 0 | H78: =H77+G78 -> 8255.8
A79: 000005 | B79: TUTTY FRATELLY | C79: 14 | G79: =E79-F79 -> 0 | H79: =H78+G79 -> 8255.8
A80: 000005 | B80: TUTTY FRATELLY | C80: 15 | G80: =E80-F80 -> 0 | H80: =H79+G80 -> 8255.8
A81: 000005 | B81: TUTTY FRATELLY | C81: 16 | G81: =E81-F81 -> 0 | H81: =H80+G81 -> 8255.8
A82: 000006 | B82: LINDAS | C82: 1 | D82: 45918 | E82: 14738 | F82: 13984.12 | G82: =E82-F82 -> 753.88 | H82: =G82 -> 753.88 | I82: =G82/F82 -> 0.05390972
A83: 000006 | B83: LINDAS | C83: 2 | D83: 45894 | E83: 14738 | F83: 13984.12 | G83: =E83-F83 -> 753.88 | H83: =H82+G83 -> 1507.76 | I83: =G83/F83 -> 0.05390972
A84: 000006 | B84: LINDAS | C84: 3 | D84: 45898 | E84: 14695 | F84: 13984 | G84: =E84-F84 -> 711 | H84: =H83+G84 -> 2218.76 | I84: =G84/F84 -> 0.050843822
A85: 000006 | B85: LINDAS | C85: 4 | D85: 45908 | E85: 14695 | F85: 13984 | G85: =E85-F85 -> 711 | H85: =H84+G85 -> 2929.76 | I85: =G85/F85 -> 0.050843822
A86: 000006 | B86: LINDAS | C86: 5 | D86: 45915 | E86: 14686 | F86: 13984 | G86: =E86-F86 -> 702 | H86: =H85+G86 -> 3631.76 | I86: =G86/F86 -> 0.050200229
A87: 000006 | B87: LINDAS | C87: 6 | D87: 45922 | E87: 14695 | F87: 13984 | G87: =E87-F87 -> 711 | H87: =H86+G87 -> 4342.76 | I87: =G87/F87 -> 0.050843822
A88: 000006 | B88: LINDAS | C88: 7 | D88: 45927 | E88: 14695 | F88: 13984 | G88: =E88-F88 -> 711 | H88: =H87+G88 -> 5053.76 | I88: =G88/F88 -> 0.050843822
A89: 000006 | B89: LINDAS | C89: 8 | G89: =E89-F89 -> 0 | H89: =H88+G89 -> 5053.76 | I89: =G89/F89 -> #DIV/0!
A90: 000006 | B90: LINDAS | C90: 9 | G90: =E90-F90 -> 0 | H90: =H89+G90 -> 5053.76
A91: 000006 | B91: LINDAS | C91: 10 | G91: =E91-F91 -> 0 | H91: =H90+G91 -> 5053.76
A92: 000006 | B92: LINDAS | C92: 11 | G92: =E92-F92 -> 0 | H92: =H91+G92 -> 5053.76
A93: 000006 | B93: LINDAS | C93: 12 | G93: =E93-F93 -> 0 | H93: =H92+G93 -> 5053.76
A94: 000006 | B94: LINDAS | C94: 13 | G94: =E94-F94 -> 0 | H94: =H93+G94 -> 5053.76
A95: 000006 | B95: LINDAS | C95: 14 | G95: =E95-F95 -> 0 | H95: =H94+G95 -> 5053.76
A96: 000006 | B96: LINDAS | C96: 15 | G96: =E96-F96 -> 0 | H96: =H95+G96 -> 5053.76
A97: 000006 | B97: LINDAS | C97: 16 | G97: =E97-F97 -> 0 | H97: =H96+G97 -> 5053.76
A98: 000007 | B98: NUEVO COMIENZO | C98: 1 | D98: 45884 | E98: 11954 | F98: 10868.1 | G98: =E98-F98 -> 1085.9 | H98: =G98 -> 1085.9 | I98: =G98/F98 -> 0.099916269
A99: 000007 | B99: NUEVO COMIENZO | C99: 2 | D99: 45891 | E99: 11954 | F99: 10868.1 | G99: =E99-F99 -> 1085.9 | H99: =H98+G99 -> 2171.8 | I99: =G99/F99 -> 0.099916269
A100: 000007 | B100: NUEVO COMIENZO | C100: 3 | D100: 45898 | E100: 11954 | F100: 10868 | G100: =E100-F100 -> 1086 | H100: =H99+G100 -> 3257.8 | I100: =G100/F100 -> 0.099926389
...

Sheet ACUMULADO
A1: ID | B1: GRUPO | C1: AHORRO ACUMULADO
A2: 000001 | B2: BRILLANTES | C2: =AHORROS!H17 -> 4069.37
A3: 000002 | B3: MOTIVADORAS | C3: =AHORROS!H33 -> 10091.09
A4: 000003 | B4: ACEITUNAS DE COCKTAIL | C4: =AHORROS!H49 -> 3868.8
A5: 000004 | B5: ORQUIDEAS | C5: =AHORROS!H65 -> 6843.62
A6: 000005 | B6: TUTTY FRATELLY | C6: =AHORROS!H81 -> 8255.8
A7: 000006 | B7: LINDAS | C7: =AHORROS!H97 -> 5053.76
A8: 000007 | B8: NUEVO COMIENZO | C8: =AHORROS!H113 -> 7601.8
A9: 000008 | B9: LIDERES UNIDOS | C9: =AHORROS!H129 -> 5311.84
A10: 000009 | B10: ESPERANZA | C10: =AHORROS!H145 -> 965.9
A11: 000010 | B11: FRESITAS | C11: =AHORROS!H161 -> 2777.82
A12: 000011 | B12: ECHEGUREN | C12: =AHORROS!H177 -> 1456.76
A13: 000012 | B13: ESTRELLA | C13: =AHORROS!H193 -> 3816.82
A14: 000013 | B14: SAN PEDRO | C14: =AHORROS!H209 -> 5177.78
A15: 000015 | B15: GLADIOLAS | C15: =AHORROS!H225 -> 1526.96
A16: 000016 | B16: MARGARITAS | C16: =AHORROS!H241 -> 1614.93
A17: 000017 | B17: XOLOC | C17: =AHORROS!H257 -> 1859.95
A18: 000018 | B18: CRISTAL | C18: =AHORROS!H273 -> 2134
A19: 000020 | B19: CERECITAS | C19: =AHORROS!H289 -> 3469.4
A20: 000022 | B20: HACHI | C20: =AHORROS!H305 -> 2537.92
A21: 000025 | B21: EXITOSAS DE SAN JUAN | C21: =AHORROS!H321 -> 1619.85
A22: 000026 | B22: ANDROMEDA | C22: =AHORROS!H337 -> 1850
A23: 000028 | B23: CAMPEONAS | C23: =AHORROS!H353 -> 1474
A24: 000029 | B24: MOYSEN | C24: =AHORROS!H369 -> 3760
A25: 000030 | B25: FLORECITAS | C25: =AHORROS!H385 -> 2544.55
A26: 000031 | B26: NUEVA LUZ | C26: =AHORROS!H401 -> 1540
A27: 000032 | B27: LOS EFECTIVOS | C27: =AHORROS!H417 -> 6558
A28: 000033 | B28: CUPIDO | C28: =AHORROS!H433 -> 1788
A29: 000034 | B29: SONRISA | C29: =AHORROS!H449 -> 2521
A30: 000035 | B30: 2 DE ABRIL | C30: =AHORROS!H465 -> 2382
A31: 000036 | B31: GARDENIAS | C31: =AHORROS!H481 -> 2955.56
A32: 000037 | B32: FANTASTICAS | C32: =AHORROS!H497 -> 952.84
A33: 000039 | B33: COMETAS | C33: =AHORROS!H513 -> 1876
A34: 000040 | B34: CACHU | C34: =AHORROS!H529 -> 1830
A35: 000041 | B35: PUERTA DE ORO | C35: =AHORROS!H545 -> 19199.32
A36: 000042 | B36: MARIPOSAS | C36: =AHORROS!H561 -> 1198
A37: 000043 | B37: ADELITA | C37: =AHORROS!H577 -> 1200
A38: 000044 | B38: ALAMOS DEL MARISCAL | C38: =AHORROS!H593 -> 1524
A39: 000045 | B39: LEONIDAS 1 | C39: =AHORROS!H609 -> 2219
A40: 000046 | B40: LOS PEQUES | C40: =AHORROS!H625 -> 4256
A41: 000047 | B41: KIRA | C41: =AHORROS!H641 -> 1353
A42: 000048 | B42: UNA LUZ EN MI CAMINO | C42: =AHORROS!H657 -> 1230
A43: 000049 | B43: LOS SOLTERONES | C43: =AHORROS!H673 -> 23500
A44: 000050 | B44: BUGAMBILIAS | C44: =AHORROS!H689 -> 1531.85
A45: 000051 | B45: MIS ANGELITOS | C45: =AHORROS!H705 -> 775
A46: 000052 | B46: LAS TORRES | C46: =AHORROS!H721 -> 3445.8
A47: 000053 | B47: PATRICIA | C47: =AHORROS!H737 -> 2412
A48: 000054 | B48: VALIENTES | C48: =AHORROS!H753 -> 1719.8
A49: 000055 | B49: MAGIA | C49: =AHORROS!H769 -> 1836
A50: 000056 | B50: PASTELITOS Y PANQUESITOS | C50: =AHORROS!H785 -> 773.85
A51: 000057 | B51: TRIUNFADORAS | C51: =AHORROS!H801 -> 3500
A52: 000058 | B52: HERMOSAS FLORES | C52: =AHORROS!H817 -> 1253.79
A53: 000059 | B53: GABANNA | C53: =AHORROS!H833 -> 2055.76
A54: 000060 | B54: DIAMANTES | C54: =AHORROS!H849 -> 1644
A55: 000061 | B55: GRANDES SUEÑOS | C55: =AHORROS!H865 -> 1254
A56: 000062 | B56: TREBOL | C56: =AHORROS!H881 -> 988
A57: 000063 | B57: FATY | C57: =AHORROS!H897 -> 1157
A58: 000064 | B58: TREBOLES | C58: =AHORROS!H913 -> 1271.93
A59: 000065 | B59: APOYATE EN MI | C59: =AHORROS!H929 -> 1206
A60: 000066 | B60: ALCATRAZ | C60: =AHORROS!H945 -> 1930
A61: 000067 | B61: LOS DEL VALLE | C61: =AHORROS!H961 -> 780
A62: 000069 | B62: LAS DIVINAS | C62: =AHORROS!H977 -> 819.93
A63: 000070 | B63: PINOS | C63: =AHORROS!H993 -> 1066
A64: 000071 | B64: MUJERES IMPARABLES | C64: =AHORROS!H1009 -> 768
A65: 000072 | B65: LOS GALINDO | C65: =AHORROS!H1025 -> 670
A66: 000073 | B66: LENTEJUELAS | C66: =AHORROS!H1041 -> 540
A67: 000074 | B67: GALERIAS | C67: =AHORROS!H1057 -> 1536
A68: 000075 | B68: SERPENTINA | C68: =AHORROS!H1073 -> 1126
A69: 000076 | B69: VORTICE | C69: =AHORROS!H1089 -> 672
A70: 000077 | B70: LAS ESTRELLAS | C70: =AHORROS!H1105 -> 2924
A71: 000078 | B71: CANELA | C71: =AHORROS!H1121 -> 578
A72: 000079 | B72: REYNAS | C72: =AHORROS!H1137 -> 903.94
A73: 000080 | B73: CATALEYA | C73: =AHORROS!H1153 -> 1213
A74: 000081 | B74: JACALONES | C74: =AHORROS!H1169 -> 1169
A75: 000082 | B75: DIAMANTES | C75: =AHORROS!H1185 -> 2008
A76: 000083 | B76: INDEPENDENCIA | C76: =AHORROS!H1201 -> 391.94
A77: 000084 | B77: SWEET CANDY | C77: =AHORROS!H1217 -> 596
A78: 000085 | B78: METATRON | C78: =AHORROS!H1233 -> 1823.84
A79: 000086 | B79: VECINOS | C79: =AHORROS!H1249 -> 0
A80: 000087 | B80: NUEVO AMANECER | C80: =AHORROS!H1265 -> 1185.8
A81: 000088 | B81: VALIENTES | C81: =AHORROS!H1281 -> 261
A82: 000089 | B82: LUNA | C82: =AHORROS!H1297 -> 186
A83: 000091 | B83: CHICAS TEZOMPA | C83: =AHORROS!H1313 -> 940
A84: 000093 | B84: PALOMAS MENSAJERAS | C84: =AHORROS!H1329 -> 553.97
A85: 000094 | B85: BIENVENIDOS | C85: =AHORROS!H1345 -> 775.89
A86: 000095 | B86: JARDINES | C86: =AHORROS!H1361 -> 305.96
A87: 000096 | B87: INVICTUS | C87: =AHORROS!H1377 -> 732
A88: 000098 | B88: FORTALEZA | C88: =AHORROS!H1393 -> 341
A89: 000101 | B89: MARAVILLA | C89: =AHORROS!H1409 -> 739.42
A90: 000102 | B90: PEONIAS | C90: =AHORROS!H1425 -> 380.42
A91: 000103 | B91: DUBAI | C91: =AHORROS!H1441 -> 380.42
A92: 000104 | B92: PRECIOSAS | C92: =AHORROS!H1457 -> 0
A93: 000105 | B93: CASCADA DE LUZ | C93: =AHORROS!H1473 -> 0
A94: 000106 | B94: FLOR DE LIZ | C94: =AHORROS!H1489 -> 0
A95: 000107 | B95: SAN PABLO | C95: =AHORROS!H1505 -> 0
A96: 000108 | B96: CORAZON PARTIDO | C96: =AHORROS!H1521 -> 0
A97: 000109 | B97: LAS MOSQUETERAS | C97: =AHORROS!H1537 -> 0
A98: 000110 | B98: MORITA | C98: =AHORROS!H1553 -> 0
A99: 000111 | B99: SANTA MARIA | C99: =AHORROS!H1569 -> 0
A100: 000112 | B100: HALCONES | C100: =AHORROS!H1585 -> 0
